Ordering,LLM Mean Score,LLM Best Score,Baseline Mean Score,Baseline Best Score
ascending,29.3529013414623,26.46310785669652,1940.969404306238,764.9592918327412
