Ordering,LLM Mean Score,LLM Best Score,Baseline Mean Score,Baseline Best Score
ascending,41.86406473159179,38.474202610884326,1940.969404306238,764.9592918327412
