Sampler,Mean Score,Best Score
LLM,2099.8237262717325,894.2911888891497
Uniform,2058.8768175371183,764.9592918327412
