Sampler,Mean Score,Best Score
LLM,2136.4598707828704,1479.8559063390765
Uniform,2058.8768175371183,764.9592918327412
