Ordering,LLM Mean Score,LLM Best Score,Baseline Mean Score,Baseline Best Score
ascending,33.72200606020872,26.907094912161156,1940.969404306238,764.9592918327412
