Sampler,Mean Score,Best Score
LLM,1976.6019929816248,1304.3296118057626
Uniform,2058.8768175371183,764.9592918327412
