Sampler,Mean Score,Best Score
LLM,2205.908067454997,1836.5094569517762
Uniform,2058.8768175371183,764.9592918327412
